{
  "Clallam County": [
    -124.67954635620119,
    48.370619630298435
  ],
  "San Juan County": [
    -122.77101516723634,
    48.559000055176874
  ]
}